{"cameraMode":{"drawMode":0,"name":"Shaded","section":"Shading Mode"},"sceneLighting":false,"audioPlay":false,"sceneViewState":{"m_AlwaysRefresh":false,"showFog":true,"showSkybox":false,"showFlares":true,"showImageEffects":true,"showParticleSystems":true,"showVisualEffectGraphs":true,"m_FxEnabled":true},"in2DMode":false,"pivot":{"x":-0.2982630729675293,"y":1.5268664360046387,"z":-0.2518601417541504},"rotation":{"x":0.11080887168645859,"y":0.8822497725486755,"z":-0.2593383193016052,"w":0.37696388363838198},"size":1.123611569404602,"orthographic":true}